entry,nose_x,nose_y,leftShoulder_x,leftShoulder_y,rightShoulder_x,rightShoulder_y,leftHip_x,leftHip_y,rightHip_x,rightHip_y,leftKnee_x,leftKnee_y,rightKnee_x,rightKnee_y,leftAnkle_x,leftAnkle_y,rightAnkle_x,rightAnkle_y,good
0,0.18607647469072786,0.04932259108064284,0.13849711358251787,0.13603832928943507,0.27499994431876174,0.10802883125821186,0.2501265244941153,0.002908146051467338,0.3856978268680396,0.16056634059388977,0.3918819800435698,0.1709498811764383,0.19582952036016696,0.06098797618269384,0.4031040090106013,0.15362827659074813,0.40919072723334665,0.14982666724116184,1
1,0.18607647469072786,0.04932259108064284,0.13849711358251787,0.13603832928943507,0.27499994431876174,0.10802883125821186,0.2501265244941153,0.002908146051467338,0.3856978268680396,0.16056634059388977,0.3918819800435698,0.1709498811764383,0.19582952036016696,0.06098797618269384,0.4031040090106013,0.15362827659074813,0.40919072723334665,0.14982666724116184,0
